Status,Custom study tncs accepted at,Started at,Completed at,Reviewed at,Archived at,Time taken,Total approvals,Age,Sex,Ethnicity simplified,Country of birth,Country of residence,Nationality,Language,Student status,Employment status
APPROVED,Not Applicable,2026-04-06T05:07:39.257000Z,2026-04-06T05:17:59.500000Z,2026-04-06T18:54:47.437000Z,2026-04-06T05:17:59.834023Z,621.0,9889,58,Female,White,United States,United States,United States,English,No,Full-Time
APPROVED,Not Applicable,2026-04-06T05:07:36.797000Z,2026-04-06T05:12:18.719000Z,2026-04-06T18:54:47.759000Z,2026-04-06T05:12:19.058953Z,282.0,6315,32,Male,Black,United States,United States,United States,English,No,Full-Time
APPROVED,Not Applicable,2026-04-06T05:07:35.591000Z,2026-04-06T05:26:18.471000Z,2026-04-06T18:54:48.057000Z,2026-04-06T05:26:18.806633Z,1123.0,6089,28,Male,Asian,United States,United States,United States,English,DATA_EXPIRED,DATA_EXPIRED
APPROVED,Not Applicable,2026-04-06T05:07:49.636000Z,2026-04-06T05:15:58.081000Z,2026-04-06T18:54:48.360000Z,2026-04-06T05:15:58.535447Z,489.0,87,25,Male,White,United States,United States,United States,English,No,Full-Time
APPROVED,Not Applicable,2026-04-06T05:07:57.139000Z,2026-04-06T05:17:21.037000Z,2026-04-06T18:54:48.680000Z,2026-04-06T05:17:21.376662Z,564.0,8793,38,Female,White,United States,United States,United States,English,DATA_EXPIRED,DATA_EXPIRED
APPROVED,Not Applicable,2026-04-06T05:08:04.332000Z,2026-04-06T05:15:17.449000Z,2026-04-06T18:54:49.463000Z,2026-04-06T05:15:17.798664Z,434.0,3042,32,Female,White,United States,United States,United States,English,DATA_EXPIRED,DATA_EXPIRED
APPROVED,Not Applicable,2026-04-06T05:08:16.093000Z,2026-04-06T05:18:54.224000Z,2026-04-06T18:54:49.812000Z,2026-04-06T05:18:54.691556Z,639.0,7671,62,Female,White,United States,United States,United States,English,No,Full-Time
APPROVED,Not Applicable,2026-04-06T05:08:07.501000Z,2026-04-06T05:18:44.894000Z,2026-04-06T18:54:50.104000Z,2026-04-06T05:18:45.294652Z,638.0,13845,54,Male,White,United States,United States,United States,English,No,Full-Time
APPROVED,Not Applicable,2026-04-06T05:08:40.829000Z,2026-04-06T05:19:58.122000Z,2026-04-06T18:54:50.423000Z,2026-04-06T05:19:58.502525Z,678.0,4283,36,Male,White,United States,United States,United States,English,DATA_EXPIRED,DATA_EXPIRED
APPROVED,Not Applicable,2026-04-06T05:08:18.113000Z,2026-04-06T05:23:08.218000Z,2026-04-06T18:54:50.771000Z,2026-04-06T05:23:08.598191Z,891.0,16,18,Male,Mixed,United States,United States,DATA_EXPIRED,English,Yes,Full-Time
APPROVED,Not Applicable,2026-04-06T05:08:29.077000Z,2026-04-06T05:14:21.294000Z,2026-04-06T18:54:51.149000Z,2026-04-06T05:14:21.628104Z,353.0,5963,56,Male,White,United States,United States,United States,English,No,Full-Time
APPROVED,Not Applicable,2026-04-06T05:08:14.280000Z,2026-04-06T05:15:00.494000Z,2026-04-06T18:54:51.475000Z,2026-04-06T05:15:00.848969Z,407.0,18024,44,Male,White,United States,United States,United States,English,No,Part-Time
APPROVED,Not Applicable,2026-04-06T05:08:09.492000Z,2026-04-06T05:24:59.737000Z,2026-04-06T18:54:51.830000Z,2026-04-06T05:25:00.090999Z,1011.0,2075,24,Male,Asian,United States,United States,United States,English,No,Full-Time
APPROVED,Not Applicable,2026-04-06T05:08:18.912000Z,2026-04-06T05:19:37.091000Z,2026-04-06T18:54:52.099000Z,2026-04-06T05:19:37.450953Z,679.0,582,42,Female,White,United States,United States,United States,English,No,Full-Time
APPROVED,Not Applicable,2026-04-06T05:08:21.893000Z,2026-04-06T05:18:47.932000Z,2026-04-06T18:54:52.346000Z,2026-04-06T05:18:48.258922Z,627.0,444,45,Male,White,United States,United States,United States,English,No,Full-Time
APPROVED,Not Applicable,2026-04-06T05:08:27.023000Z,2026-04-06T05:15:24.979000Z,2026-04-06T18:54:52.594000Z,2026-04-06T05:15:25.318436Z,418.0,5576,47,Male,White,United States,United States,United States,English,No,Full-Time
APPROVED,Not Applicable,2026-04-06T05:08:30.955000Z,2026-04-06T05:13:34.654000Z,2026-04-06T18:54:52.825000Z,2026-04-06T05:13:34.978265Z,304.0,7558,40,Female,White,United States,United States,United States,English,No,Other
APPROVED,Not Applicable,2026-04-06T05:08:45.367000Z,2026-04-06T05:13:24.692000Z,2026-04-06T18:54:53.067000Z,2026-04-06T05:13:25.045015Z,280.0,157,34,Female,White,United States,United States,United States,English,No,Full-Time
TIMED-OUT,Not Applicable,2026-04-06T05:08:32.767000Z,,,2026-04-06T08:38:36.108376Z,12604.0,2,34,Female,Mixed,United States,United States,DATA_EXPIRED,English,No,Due to start a new job within the next month
APPROVED,Not Applicable,2026-04-06T05:08:36.519000Z,2026-04-06T05:19:03.326000Z,2026-04-06T18:54:53.323000Z,2026-04-06T05:19:03.662540Z,627.0,433,19,Male,Asian,United States,United States,United States,English,Yes,Unemployed (and job seeking)
APPROVED,Not Applicable,2026-04-06T05:08:43.783000Z,2026-04-06T05:18:20.978000Z,2026-04-06T18:54:53.580000Z,2026-04-06T05:18:21.308394Z,578.0,8245,35,Male,Other,United States,United States,United States,English,DATA_EXPIRED,DATA_EXPIRED
APPROVED,Not Applicable,2026-04-06T05:09:25.234000Z,2026-04-06T05:27:33.205000Z,2026-04-06T18:54:53.800000Z,2026-04-06T05:27:33.535809Z,1088.0,167,53,Female,White,United States,United States,United States,English,No,"Not in paid work (e.g. homemaker', 'retired or disabled)"
APPROVED,Not Applicable,2026-04-06T05:08:42.586000Z,2026-04-06T05:14:05.861000Z,2026-04-06T18:54:54.065000Z,2026-04-06T05:14:06.541816Z,324.0,64,28,Female,White,United States,United States,United States,English,No,"Not in paid work (e.g. homemaker', 'retired or disabled)"
APPROVED,Not Applicable,2026-04-06T05:08:36.666000Z,2026-04-06T05:21:29.304000Z,2026-04-06T18:54:54.381000Z,2026-04-06T05:21:29.668059Z,773.0,1090,37,Male,Asian,United States,United States,United States,English,No,Full-Time
APPROVED,Not Applicable,2026-04-06T05:08:42.669000Z,2026-04-06T05:29:36.794000Z,2026-04-06T18:54:54.644000Z,2026-04-06T05:29:37.144879Z,1255.0,7823,38,Female,White,United States,United States,United States,English,DATA_EXPIRED,Full-Time
REJECTED,Not Applicable,2026-04-06T05:08:44.983000Z,2026-04-06T05:11:42.926000Z,2026-04-06T05:42:54.159000Z,2026-04-06T08:38:36.112358Z,178.0,95,CONSENT_REVOKED,CONSENT_REVOKED,CONSENT_REVOKED,CONSENT_REVOKED,CONSENT_REVOKED,CONSENT_REVOKED,CONSENT_REVOKED,CONSENT_REVOKED,CONSENT_REVOKED
APPROVED,Not Applicable,2026-04-06T05:08:51.059000Z,2026-04-06T05:16:13.598000Z,2026-04-06T18:54:54.969000Z,2026-04-06T05:16:13.962498Z,443.0,681,48,Female,White,United States,United States,United States,English,No,"Not in paid work (e.g. homemaker', 'retired or disabled)"
APPROVED,Not Applicable,2026-04-06T05:08:51.557000Z,2026-04-06T05:14:27.521000Z,2026-04-06T18:54:55.270000Z,2026-04-06T05:14:27.941365Z,336.0,585,52,Female,Black,United States,United States,United States,English,No,Unemployed (and job seeking)
APPROVED,Not Applicable,2026-04-06T05:08:53.368000Z,2026-04-06T05:29:07.552000Z,2026-04-06T18:54:55.582000Z,2026-04-06T05:29:07.893106Z,1215.0,3198,30,Male,Asian,United States,United States,United States,English,DATA_EXPIRED,DATA_EXPIRED
APPROVED,Not Applicable,2026-04-06T05:08:54.837000Z,2026-04-06T05:18:48.607000Z,2026-04-06T18:54:55.832000Z,2026-04-06T05:18:48.958959Z,594.0,2244,38,Female,White,United States,United States,United States,English,No,Part-Time
APPROVED,Not Applicable,2026-04-06T05:09:00.846000Z,2026-04-06T05:20:15.318000Z,2026-04-06T18:54:56.084000Z,2026-04-06T05:20:15.668295Z,675.0,54,43,Male,Other,United States,United States,United States,English,No,Full-Time
APPROVED,Not Applicable,2026-04-06T05:10:44.417000Z,2026-04-06T05:20:04.923000Z,2026-04-06T18:54:56.370000Z,2026-04-06T05:20:05.246074Z,561.0,8909,34,Male,Black,Kenya,United States,Kenya,English,No,Full-Time
APPROVED,Not Applicable,2026-04-06T05:09:05.858000Z,2026-04-06T05:16:26.270000Z,2026-04-06T18:54:56.657000Z,2026-04-06T05:16:26.625957Z,441.0,727,53,Female,White,United States,United States,United States,English,No,Part-Time
APPROVED,Not Applicable,2026-04-06T05:09:01.270000Z,2026-04-06T05:23:39.157000Z,2026-04-06T18:54:57.148000Z,2026-04-06T05:23:39.501718Z,878.0,5843,46,Female,White,United States,United States,United States,English,No,Full-Time
APPROVED,Not Applicable,2026-04-06T05:09:25.982000Z,2026-04-06T05:16:20.733000Z,2026-04-06T18:54:57.459000Z,2026-04-06T05:16:21.073363Z,415.0,406,25,Female,White,United States,United States,United States,English,No,Full-Time
APPROVED,Not Applicable,2026-04-06T05:09:14.893000Z,2026-04-06T05:14:54.244000Z,2026-04-06T18:54:57.703000Z,2026-04-06T05:14:54.569264Z,340.0,26,31,Female,Asian,United States,United States,United States,English,No,Full-Time
APPROVED,Not Applicable,2026-04-06T05:09:22.744000Z,2026-04-06T05:18:07.155000Z,2026-04-06T18:54:57.922000Z,2026-04-06T05:18:07.509774Z,525.0,12,43,Male,White,United States,United States,United States,English,No,Unemployed (and job seeking)
APPROVED,Not Applicable,2026-04-06T05:09:23.537000Z,2026-04-06T05:13:31.335000Z,2026-04-06T18:54:58.173000Z,2026-04-06T05:13:31.682108Z,248.0,217,38,Female,White,United States,United States,United States,English,No,Other
RETURNED,Not Applicable,2026-04-06T05:09:24.298000Z,,,2026-04-06T08:38:36.111896Z,,1347,CONSENT_REVOKED,CONSENT_REVOKED,CONSENT_REVOKED,CONSENT_REVOKED,CONSENT_REVOKED,CONSENT_REVOKED,CONSENT_REVOKED,CONSENT_REVOKED,CONSENT_REVOKED
APPROVED,Not Applicable,2026-04-06T05:09:20.214000Z,2026-04-06T05:18:45.856000Z,2026-04-06T18:54:58.432000Z,2026-04-06T05:18:46.178501Z,566.0,110,21,Male,Mixed,United States,United States,United States,English,Yes,Part-Time
APPROVED,Not Applicable,2026-04-06T05:09:33.575000Z,2026-04-06T05:20:45.477000Z,2026-04-06T18:54:58.755000Z,2026-04-06T05:20:45.821409Z,672.0,31,67,Female,Black,United States,United States,United States,English,No,"Not in paid work (e.g. homemaker', 'retired or disabled)"
APPROVED,Not Applicable,2026-04-06T05:09:35.571000Z,2026-04-06T05:15:21.038000Z,2026-04-06T18:54:59.134000Z,2026-04-06T05:15:21.386444Z,346.0,2222,30,Female,White,United States,United States,United States,English,No,"Not in paid work (e.g. homemaker', 'retired or disabled)"
APPROVED,Not Applicable,2026-04-06T05:09:38.212000Z,2026-04-06T05:14:21.872000Z,2026-04-06T18:54:59.495000Z,2026-04-06T05:14:22.239713Z,284.0,21,48,Male,White,United States,United States,United States,English,No,"Not in paid work (e.g. homemaker', 'retired or disabled)"
RETURNED,Not Applicable,2026-04-06T05:09:41.836000Z,,,2026-04-06T08:38:36.112670Z,,679,CONSENT_REVOKED,CONSENT_REVOKED,CONSENT_REVOKED,CONSENT_REVOKED,CONSENT_REVOKED,CONSENT_REVOKED,CONSENT_REVOKED,CONSENT_REVOKED,CONSENT_REVOKED
APPROVED,Not Applicable,2026-04-06T05:09:41.616000Z,2026-04-06T05:16:57.262000Z,2026-04-06T18:54:59.835000Z,2026-04-06T05:16:57.606747Z,436.0,185,27,Male,Other,United States,United States,Palestinian Territory,English,No,Full-Time
APPROVED,Not Applicable,2026-04-06T05:09:47.012000Z,2026-04-06T05:16:12.750000Z,2026-04-06T18:55:00.211000Z,2026-04-06T05:16:13.075599Z,386.0,104,23,Male,White,United States,United States,United States,English,Yes,Part-Time
APPROVED,Not Applicable,2026-04-06T05:09:50.807000Z,2026-04-06T05:41:16.414000Z,2026-04-06T18:55:00.545000Z,2026-04-06T05:41:16.772441Z,1886.0,212,58,Female,White,United States,United States,United States,English,No,Part-Time
RETURNED,Not Applicable,2026-04-06T05:09:50.319000Z,,,2026-04-06T08:38:36.115283Z,,17,CONSENT_REVOKED,CONSENT_REVOKED,CONSENT_REVOKED,CONSENT_REVOKED,CONSENT_REVOKED,CONSENT_REVOKED,CONSENT_REVOKED,CONSENT_REVOKED,CONSENT_REVOKED
APPROVED,Not Applicable,2026-04-06T05:09:55.238000Z,2026-04-06T05:32:44.497000Z,2026-04-06T18:55:00.897000Z,2026-04-06T05:32:44.846672Z,1370.0,406,50,Female,Black,Congo,United States,United States,English,No,Other
APPROVED,Not Applicable,2026-04-06T05:10:11.705000Z,2026-04-06T05:27:01.558000Z,2026-04-06T18:55:01.260000Z,2026-04-06T05:27:01.890815Z,1010.0,31,38,Male,Other,United States,United States,United States,English,No,Part-Time
APPROVED,Not Applicable,2026-04-06T05:10:56.125000Z,2026-04-06T05:20:18.794000Z,2026-04-06T18:55:01.626000Z,2026-04-06T05:20:19.135271Z,563.0,19,29,Female,White,United States,United States,United States,English,No,"Not in paid work (e.g. homemaker', 'retired or disabled)"
APPROVED,Not Applicable,2026-04-06T05:10:07.192000Z,2026-04-06T05:21:00.777000Z,2026-04-06T18:55:01.953000Z,2026-04-06T05:21:01.125364Z,654.0,119,71,Female,White,United States,United States,United States,English,No,"Not in paid work (e.g. homemaker', 'retired or disabled)"
APPROVED,Not Applicable,2026-04-06T05:10:00.363000Z,2026-04-06T05:15:32.993000Z,2026-04-06T18:55:02.808000Z,2026-04-06T05:15:33.367278Z,333.0,9907,37,Male,Asian,United States,United States,United States,English,No,Full-Time
APPROVED,Not Applicable,2026-04-06T05:10:09.846000Z,2026-04-06T05:27:54.187000Z,2026-04-06T18:55:03.068000Z,2026-04-06T05:27:54.590345Z,1065.0,3572,61,Female,White,United States,United States,United States,English,DATA_EXPIRED,Full-Time
APPROVED,Not Applicable,2026-04-06T05:10:07.048000Z,2026-04-06T05:28:17.177000Z,2026-04-06T18:55:03.358000Z,2026-04-06T05:28:17.531671Z,1091.0,403,34,Male,White,United States,United States,United States,English,No,Part-Time
APPROVED,Not Applicable,2026-04-06T05:10:21.248000Z,2026-04-06T05:15:56.109000Z,2026-04-06T18:55:03.652000Z,2026-04-06T05:15:56.449799Z,335.0,321,31,Male,White,United States,United States,United States,English,No,Full-Time
APPROVED,Not Applicable,2026-04-06T05:10:28.932000Z,2026-04-06T05:17:22.813000Z,2026-04-06T18:55:03.909000Z,2026-04-06T05:17:23.136517Z,414.0,4,36,Female,White,United States,United States,United States,English,No,Part-Time
TIMED-OUT,Not Applicable,2026-04-06T05:10:31.610000Z,,,2026-04-06T08:38:36.117576Z,12485.0,0,44,Female,White,Canada,United States,Canada,English,No,Full-Time
APPROVED,Not Applicable,2026-04-06T05:10:29.246000Z,2026-04-06T05:14:19.326000Z,2026-04-06T18:55:04.166000Z,2026-04-06T05:14:20.092044Z,231.0,52,18,Female,Mixed,United States,United States,United States,English,Yes,"Not in paid work (e.g. homemaker', 'retired or disabled)"
APPROVED,Not Applicable,2026-04-06T05:10:40.280000Z,2026-04-06T05:20:51.617000Z,2026-04-06T18:55:04.414000Z,2026-04-06T05:20:51.988660Z,612.0,257,39,Female,White,United States,United States,United States,English,No,Part-Time
APPROVED,Not Applicable,2026-04-06T05:10:38.875000Z,2026-04-06T05:21:23.163000Z,2026-04-06T18:55:04.655000Z,2026-04-06T05:21:23.516230Z,645.0,2226,35,Female,White,United States,United States,United States,English,DATA_EXPIRED,DATA_EXPIRED
APPROVED,Not Applicable,2026-04-06T05:10:49.633000Z,2026-04-06T05:23:14.950000Z,2026-04-06T18:55:04.989000Z,2026-04-06T05:23:15.299853Z,746.0,1108,35,Male,White,United States,United States,United States,English,No,Part-Time
APPROVED,Not Applicable,2026-04-06T05:10:45.194000Z,2026-04-06T05:16:21.580000Z,2026-04-06T18:55:05.365000Z,2026-04-06T05:16:21.919734Z,337.0,1899,31,Female,White,United States,United States,United States,English,No,Unemployed (and job seeking)
APPROVED,Not Applicable,2026-04-06T05:10:54.432000Z,2026-04-06T05:15:04.361000Z,2026-04-06T18:55:05.710000Z,2026-04-06T05:15:04.706315Z,250.0,2820,35,Female,White,United States,United States,United States,English,No,Unemployed (and job seeking)
APPROVED,Not Applicable,2026-04-06T05:11:22.100000Z,2026-04-06T05:24:04.645000Z,2026-04-06T18:55:06.036000Z,2026-04-06T05:24:04.988070Z,763.0,273,37,Male,White,United States,United States,United States,English,No,Full-Time
APPROVED,Not Applicable,2026-04-06T05:11:46.773000Z,2026-04-06T05:23:59.670000Z,2026-04-06T18:55:06.398000Z,2026-04-06T05:24:00.070464Z,733.0,2807,70,Male,White,United States,United States,United States,English,DATA_EXPIRED,DATA_EXPIRED
APPROVED,Not Applicable,2026-04-06T05:12:00.919000Z,2026-04-06T05:28:08.318000Z,2026-04-06T18:55:06.765000Z,2026-04-06T05:28:08.655118Z,968.0,1443,46,Male,White,United States,United States,United States,English,No,Other
APPROVED,Not Applicable,2026-04-06T05:12:16.327000Z,2026-04-06T05:17:30.896000Z,2026-04-06T18:55:07.101000Z,2026-04-06T05:17:31.232713Z,315.0,470,35,Female,Asian,Korea,United States,United States,English,No,Unemployed (and job seeking)
APPROVED,Not Applicable,2026-04-06T05:12:15.917000Z,2026-04-06T05:17:43.279000Z,2026-04-06T18:55:07.345000Z,2026-04-06T05:17:43.613129Z,328.0,3297,41,Male,Asian,Korea,United States,United States,English,No,Full-Time
RETURNED,Not Applicable,2026-04-06T05:21:07.238000Z,,,2026-04-06T08:38:36.117699Z,,34,CONSENT_REVOKED,CONSENT_REVOKED,CONSENT_REVOKED,CONSENT_REVOKED,CONSENT_REVOKED,CONSENT_REVOKED,CONSENT_REVOKED,CONSENT_REVOKED,CONSENT_REVOKED
APPROVED,Not Applicable,2026-04-06T05:17:56.001000Z,2026-04-06T05:39:53.309000Z,2026-04-06T18:55:07.563000Z,2026-04-06T05:39:53.649481Z,1318.0,11749,34,Male,White,United States,United States,United States,English,No,Full-Time
REJECTED,Not Applicable,2026-04-06T05:12:26.894000Z,2026-04-06T05:15:21.182000Z,2026-04-06T05:42:48.528000Z,2026-04-06T08:38:36.118557Z,175.0,20,CONSENT_REVOKED,CONSENT_REVOKED,CONSENT_REVOKED,CONSENT_REVOKED,CONSENT_REVOKED,CONSENT_REVOKED,CONSENT_REVOKED,CONSENT_REVOKED,CONSENT_REVOKED
RETURNED,Not Applicable,2026-04-06T05:12:45.145000Z,,,2026-04-06T08:38:36.120126Z,,790,CONSENT_REVOKED,CONSENT_REVOKED,CONSENT_REVOKED,CONSENT_REVOKED,CONSENT_REVOKED,CONSENT_REVOKED,CONSENT_REVOKED,CONSENT_REVOKED,CONSENT_REVOKED
APPROVED,Not Applicable,2026-04-06T05:12:44.624000Z,2026-04-06T05:20:23.746000Z,2026-04-06T18:55:07.767000Z,2026-04-06T05:20:24.067692Z,460.0,24,24,Male,White,United States,United States,DATA_EXPIRED,English,No,Full-Time
APPROVED,Not Applicable,2026-04-06T05:12:53.046000Z,2026-04-06T05:17:46.209000Z,2026-04-06T18:55:08.014000Z,2026-04-06T05:17:46.627906Z,294.0,41,35,Female,White,United States,United States,United States,English,Yes,"Not in paid work (e.g. homemaker', 'retired or disabled)"
APPROVED,Not Applicable,2026-04-06T05:14:03.189000Z,2026-04-06T05:22:20.923000Z,2026-04-06T18:55:08.247000Z,2026-04-06T05:22:21.268287Z,498.0,0,40,Male,Other,United States,United States,DATA_EXPIRED,English,Yes,Full-Time
APPROVED,Not Applicable,2026-04-06T05:13:06.644000Z,2026-04-06T05:19:21.569000Z,2026-04-06T18:55:08.466000Z,2026-04-06T05:19:21.905844Z,375.0,664,47,Male,White,United States,United States,United States,English,No,Other
RETURNED,Not Applicable,2026-04-06T05:13:17.456000Z,,,2026-04-06T08:38:36.121953Z,,2452,CONSENT_REVOKED,CONSENT_REVOKED,CONSENT_REVOKED,CONSENT_REVOKED,CONSENT_REVOKED,CONSENT_REVOKED,CONSENT_REVOKED,CONSENT_REVOKED,CONSENT_REVOKED
APPROVED,Not Applicable,2026-04-06T05:13:20.176000Z,2026-04-06T05:22:01.647000Z,2026-04-06T18:55:08.695000Z,2026-04-06T05:22:01.985684Z,522.0,406,49,Female,White,United States,United States,United States,English,No,Part-Time
APPROVED,Not Applicable,2026-04-06T05:13:23.671000Z,2026-04-06T05:19:16.953000Z,2026-04-06T18:55:08.922000Z,2026-04-06T05:19:17.295084Z,354.0,207,55,Female,White,United States,United States,United States,English,No,Unemployed (and job seeking)
APPROVED,Not Applicable,2026-04-06T05:13:35.863000Z,2026-04-06T05:21:36.740000Z,2026-04-06T18:55:09.184000Z,2026-04-06T05:21:37.140009Z,481.0,9,19,Female,Mixed,United States,United States,United States,English,No,Unemployed (and job seeking)
APPROVED,Not Applicable,2026-04-06T05:14:02.154000Z,2026-04-06T05:27:09.397000Z,2026-04-06T18:55:09.409000Z,2026-04-06T05:27:09.734710Z,788.0,9876,45,Male,White,United States,United States,United States,English,No,Full-Time
APPROVED,Not Applicable,2026-04-06T05:14:15.230000Z,2026-04-06T05:18:49.921000Z,2026-04-06T18:55:09.773000Z,2026-04-06T05:18:50.493541Z,275.0,761,55,Male,White,United States,United States,United States,English,No,Other
APPROVED,Not Applicable,2026-04-06T05:14:16.695000Z,2026-04-06T05:18:46.333000Z,2026-04-06T18:55:10.094000Z,2026-04-06T05:18:46.695205Z,270.0,1468,38,Female,White,United States,United States,United States,English,Yes,Full-Time
APPROVED,Not Applicable,2026-04-06T05:14:31.554000Z,2026-04-06T05:26:58.448000Z,2026-04-06T18:55:10.410000Z,2026-04-06T05:26:58.804219Z,747.0,7553,48,Female,White,United States,United States,United States,English,No,"Not in paid work (e.g. homemaker', 'retired or disabled)"
APPROVED,Not Applicable,2026-04-06T05:14:42.768000Z,2026-04-06T05:23:00.489000Z,2026-04-06T18:55:10.715000Z,2026-04-06T05:23:00.847188Z,498.0,425,49,Male,Asian,United States,United States,United States,English,No,Full-Time
APPROVED,Not Applicable,2026-04-06T05:14:45.734000Z,2026-04-06T05:22:05.219000Z,2026-04-06T18:55:10.960000Z,2026-04-06T05:22:05.528291Z,440.0,4350,65,Female,White,United States,United States,United States,English,No,Full-Time
APPROVED,Not Applicable,2026-04-06T05:15:22.049000Z,2026-04-06T05:23:49.393000Z,2026-04-06T18:55:11.194000Z,2026-04-06T05:23:49.742379Z,508.0,0,44,Male,Black,United States,United States,United States,English,Yes,Full-Time
APPROVED,Not Applicable,2026-04-06T05:15:10.121000Z,2026-04-06T05:33:31.274000Z,2026-04-06T18:55:11.409000Z,2026-04-06T05:33:31.706033Z,1102.0,5704,43,Male,White,United States,United States,United States,English,No,"Not in paid work (e.g. homemaker', 'retired or disabled)"
APPROVED,Not Applicable,2026-04-06T05:15:14.372000Z,2026-04-06T05:19:44.505000Z,2026-04-06T18:55:11.633000Z,2026-04-06T05:19:44.856269Z,271.0,151,22,Female,White,United States,United States,United States,English,Yes,Unemployed (and job seeking)
APPROVED,Not Applicable,2026-04-06T05:15:32.798000Z,2026-04-06T05:27:37.403000Z,2026-04-06T18:55:11.908000Z,2026-04-06T05:27:38.000167Z,725.0,530,32,Male,White,United States,United States,United States,English,No,Due to start a new job within the next month
APPROVED,Not Applicable,2026-04-06T05:15:26.511000Z,2026-04-06T05:20:42.712000Z,2026-04-06T18:55:12.192000Z,2026-04-06T05:20:43.049221Z,317.0,410,22,Male,White,United States,United States,United States,English,No,Unemployed (and job seeking)
APPROVED,Not Applicable,2026-04-06T05:15:36.589000Z,2026-04-06T05:24:09.279000Z,2026-04-06T18:55:12.447000Z,2026-04-06T05:24:09.608126Z,513.0,3011,67,Male,White,United States,United States,United States,English,No,Full-Time
APPROVED,Not Applicable,2026-04-06T05:16:18.409000Z,2026-04-06T05:34:51.609000Z,2026-04-06T18:55:12.684000Z,2026-04-06T05:34:51.957143Z,1114.0,682,34,Female,White,United States,United States,United States,English,Yes,Unemployed (and job seeking)
APPROVED,Not Applicable,2026-04-06T05:15:49.879000Z,2026-04-06T05:25:55.060000Z,2026-04-06T18:55:12.928000Z,2026-04-06T05:25:55.380772Z,606.0,367,54,Female,White,United States,United States,United States,English,No,Other
APPROVED,Not Applicable,2026-04-06T05:15:55.068000Z,2026-04-06T05:26:19.968000Z,2026-04-06T18:55:13.154000Z,2026-04-06T05:26:20.353516Z,625.0,58,39,Female,White,United States,United States,United States,English,No,"Not in paid work (e.g. homemaker', 'retired or disabled)"
APPROVED,Not Applicable,2026-04-06T05:16:06.001000Z,2026-04-06T05:23:41.551000Z,2026-04-06T18:55:13.387000Z,2026-04-06T05:23:41.939851Z,456.0,281,28,Male,Black,United States,United States,United States,English,No,Unemployed (and job seeking)
APPROVED,Not Applicable,2026-04-06T05:16:16.679000Z,2026-04-06T05:22:09.306000Z,2026-04-06T18:55:13.674000Z,2026-04-06T05:22:09.649925Z,353.0,111,32,Female,Mixed,United States,United States,United States,English,No,Full-Time
APPROVED,Not Applicable,2026-04-06T05:16:17.517000Z,2026-04-06T05:26:50.119000Z,2026-04-06T18:55:13.942000Z,2026-04-06T05:26:50.461530Z,633.0,3170,39,Male,Black,United States,United States,United States,English,No,Unemployed (and job seeking)
APPROVED,Not Applicable,2026-04-06T05:16:21.534000Z,2026-04-06T05:19:32.649000Z,2026-04-06T18:55:14.214000Z,2026-04-06T05:19:32.987556Z,192.0,1517,37,Female,Asian,United States,United States,United States,English,DATA_EXPIRED,DATA_EXPIRED
APPROVED,Not Applicable,2026-04-06T05:16:37.955000Z,2026-04-06T05:22:01.254000Z,2026-04-06T18:55:14.544000Z,2026-04-06T05:22:01.590141Z,324.0,217,36,Male,Asian,United States,United States,United States,English,No,Unemployed (and job seeking)
APPROVED,Not Applicable,2026-04-06T05:17:12.199000Z,2026-04-06T05:23:20.014000Z,2026-04-06T18:55:14.977000Z,2026-04-06T05:23:20.471690Z,368.0,892,43,Female,Black,United States,United States,DATA_EXPIRED,English,No,Full-Time
APPROVED,Not Applicable,2026-04-06T05:17:13.947000Z,2026-04-06T05:29:48.122000Z,2026-04-06T18:55:15.350000Z,2026-04-06T05:29:48.465247Z,755.0,162,28,Male,Prefer not to say,Kenya,United States,Kenya,English,No,Part-Time
APPROVED,Not Applicable,2026-04-06T05:16:52.757000Z,2026-04-06T05:23:01.016000Z,2026-04-06T18:55:15.688000Z,2026-04-06T05:23:01.409201Z,369.0,16,26,Male,White,United States,United States,United States,English,No,Full-Time
APPROVED,Not Applicable,2026-04-06T05:16:54.943000Z,2026-04-06T05:21:30.028000Z,2026-04-06T18:55:15.990000Z,2026-04-06T05:21:30.367230Z,276.0,1238,34,Female,White,United States,United States,United States,English,No,Other
REJECTED,Not Applicable,2026-04-06T05:17:58.422000Z,2026-04-06T05:20:43.750000Z,2026-04-06T05:42:38.748000Z,2026-04-06T08:38:36.123356Z,166.0,197,CONSENT_REVOKED,CONSENT_REVOKED,CONSENT_REVOKED,CONSENT_REVOKED,CONSENT_REVOKED,CONSENT_REVOKED,CONSENT_REVOKED,CONSENT_REVOKED,CONSENT_REVOKED
APPROVED,Not Applicable,2026-04-06T05:19:11.680000Z,2026-04-06T05:28:49.822000Z,2026-04-06T18:55:16.290000Z,2026-04-06T05:28:50.155595Z,579.0,158,43,Male,White,United States,United States,United States,English,No,Part-Time
APPROVED,Not Applicable,2026-04-06T05:20:08.322000Z,2026-04-06T05:24:49.643000Z,2026-04-06T18:55:16.596000Z,2026-04-06T05:24:50.007864Z,282.0,316,23,Male,Black,United States,United States,DATA_EXPIRED,English,No,Part-Time
APPROVED,Not Applicable,2026-04-06T05:20:24.937000Z,2026-04-06T05:28:43.360000Z,2026-04-06T18:55:17.575000Z,2026-04-06T05:28:43.722077Z,499.0,50,23,Female,White,United States,United States,United States,English,No,Unemployed (and job seeking)
APPROVED,Not Applicable,2026-04-06T05:20:30.123000Z,2026-04-06T05:23:50.298000Z,2026-04-06T18:55:17.854000Z,2026-04-06T05:23:50.659220Z,201.0,420,36,Female,White,United States,United States,United States,English,No,Unemployed (and job seeking)
APPROVED,Not Applicable,2026-04-06T05:20:41.450000Z,2026-04-06T05:27:46.735000Z,2026-04-06T18:55:18.150000Z,2026-04-06T05:27:47.068347Z,426.0,2665,35,Female,White,United States,United States,United States,English,DATA_EXPIRED,DATA_EXPIRED
APPROVED,Not Applicable,2026-04-06T05:20:48.135000Z,2026-04-06T05:30:20.112000Z,2026-04-06T18:55:18.369000Z,2026-04-06T05:30:20.456030Z,572.0,14023,40,Male,White,United States,United States,United States,English,No,Full-Time
APPROVED,Not Applicable,2026-04-06T05:21:00.818000Z,2026-04-06T05:27:07.255000Z,2026-04-06T18:55:18.591000Z,2026-04-06T05:27:07.586982Z,367.0,3692,58,Male,White,United States,United States,United States,English,No,Full-Time
APPROVED,Not Applicable,2026-04-06T05:26:11.934000Z,2026-04-06T05:34:35.145000Z,2026-04-06T18:55:18.808000Z,2026-04-06T05:34:35.496328Z,504.0,451,39,Male,Prefer not to say,United States,United States,DATA_EXPIRED,English,Yes,Full-Time
APPROVED,Not Applicable,2026-04-06T05:21:35.786000Z,2026-04-06T05:31:34.482000Z,2026-04-06T18:55:19.067000Z,2026-04-06T05:31:34.839389Z,599.0,1150,73,Female,White,United States,United States,United States,English,No,"Not in paid work (e.g. homemaker', 'retired or disabled)"
RETURNED,Not Applicable,2026-04-06T05:21:08.768000Z,2026-04-06T05:34:46.350000Z,,2026-04-06T08:38:36.125664Z,,5133,CONSENT_REVOKED,CONSENT_REVOKED,CONSENT_REVOKED,CONSENT_REVOKED,CONSENT_REVOKED,CONSENT_REVOKED,CONSENT_REVOKED,CONSENT_REVOKED,CONSENT_REVOKED
APPROVED,Not Applicable,2026-04-06T05:21:20.378000Z,2026-04-06T05:35:19.787000Z,2026-04-06T18:55:19.313000Z,2026-04-06T05:35:20.129841Z,840.0,25,42,Female,Asian,Thailand,United States,United States,English,No,Part-Time
APPROVED,Not Applicable,2026-04-06T05:21:28.945000Z,2026-04-06T05:28:20.143000Z,2026-04-06T18:55:19.563000Z,2026-04-06T05:28:20.464866Z,412.0,49,18,Male,Prefer not to say,United States,United States,United States,English,Yes,Unemployed (and job seeking)
APPROVED,Not Applicable,2026-04-06T05:22:05.519000Z,2026-04-06T05:27:51.375000Z,2026-04-06T18:55:19.799000Z,2026-04-06T05:27:51.735192Z,346.0,640,48,Male,White,United States,United States,United States,English,No,Full-Time
APPROVED,Not Applicable,2026-04-06T05:22:08.697000Z,2026-04-06T05:39:32.242000Z,2026-04-06T18:55:20.039000Z,2026-04-06T05:39:32.568969Z,1044.0,70,45,Female,Mixed,United States,United States,United States,English,No,"Not in paid work (e.g. homemaker', 'retired or disabled)"
TIMED-OUT,Not Applicable,2026-04-06T05:22:12.568000Z,,,2026-04-06T08:38:36.126619Z,11784.0,4204,56,Female,White,United States,United States,United States,English,No,DATA_EXPIRED
APPROVED,Not Applicable,2026-04-06T05:22:14.948000Z,2026-04-06T05:36:22.742000Z,2026-04-06T18:55:20.366000Z,2026-04-06T05:36:23.098935Z,848.0,423,54,Female,White,United States,United States,United States,English,No,Other
APPROVED,Not Applicable,2026-04-06T05:22:22.560000Z,2026-04-06T05:28:37.498000Z,2026-04-06T18:55:20.797000Z,2026-04-06T05:28:37.850054Z,375.0,5413,43,Male,White,United States,United States,United States,English,No,Full-Time
APPROVED,Not Applicable,2026-04-06T05:22:27.963000Z,2026-04-06T05:31:25.927000Z,2026-04-06T18:55:21.138000Z,2026-04-06T05:31:26.267164Z,538.0,4708,44,Female,Asian,United States,United States,United States,English,DATA_EXPIRED,DATA_EXPIRED
APPROVED,Not Applicable,2026-04-06T05:22:39.824000Z,2026-04-06T05:48:04.381000Z,2026-04-06T18:55:21.490000Z,2026-04-06T05:48:04.759492Z,1525.0,3590,34,Prefer not to say,Black,United States,United States,United States,English,No,Full-Time
APPROVED,Not Applicable,2026-04-06T05:22:40.913000Z,2026-04-06T05:27:51.263000Z,2026-04-06T18:55:21.837000Z,2026-04-06T05:27:51.598008Z,311.0,276,25,Male,White,United States,United States,United States,English,No,Unemployed (and job seeking)
APPROVED,Not Applicable,2026-04-06T05:22:43.981000Z,2026-04-06T05:26:47.653000Z,2026-04-06T18:55:22.184000Z,2026-04-06T05:26:47.992256Z,244.0,8,36,Male,Mixed,United States,United States,United States,English,No,Unemployed (and job seeking)
APPROVED,Not Applicable,2026-04-06T05:22:45.546000Z,2026-04-06T05:26:59.808000Z,2026-04-06T18:55:22.435000Z,2026-04-06T05:27:00.139590Z,255.0,543,19,Male,White,United States,United States,United States,English,Yes,Unemployed (and job seeking)
RETURNED,Not Applicable,2026-04-06T05:33:00.017000Z,,,2026-04-06T08:38:36.127013Z,,2641,CONSENT_REVOKED,CONSENT_REVOKED,CONSENT_REVOKED,CONSENT_REVOKED,CONSENT_REVOKED,CONSENT_REVOKED,CONSENT_REVOKED,CONSENT_REVOKED,CONSENT_REVOKED
APPROVED,Not Applicable,2026-04-06T05:22:54.497000Z,2026-04-06T05:33:56.024000Z,2026-04-06T18:55:22.694000Z,2026-04-06T05:33:56.356114Z,662.0,0,40,Male,White,United States,United States,United States,English,No,Part-Time
APPROVED,Not Applicable,2026-04-06T05:23:02.995000Z,2026-04-06T05:33:07.788000Z,2026-04-06T18:55:22.946000Z,2026-04-06T05:33:08.187835Z,605.0,68,41,Female,Asian,United States,United States,United States,English,No,Full-Time
APPROVED,Not Applicable,2026-04-06T05:22:52.785000Z,2026-04-06T05:30:21.501000Z,2026-04-06T18:55:23.195000Z,2026-04-06T05:30:21.870100Z,449.0,4217,35,Female,White,United States,United States,United States,English,No,Full-Time
APPROVED,Not Applicable,2026-04-06T05:22:51.320000Z,2026-04-06T05:28:44.382000Z,2026-04-06T18:55:23.451000Z,2026-04-06T05:28:45.757659Z,354.0,6607,45,Female,White,United States,United States,United States,English,No,Full-Time
REJECTED,Not Applicable,2026-04-06T05:23:04.435000Z,2026-04-06T05:25:44.529000Z,2026-04-06T05:42:21.492000Z,2026-04-06T08:38:36.127514Z,161.0,574,CONSENT_REVOKED,CONSENT_REVOKED,CONSENT_REVOKED,CONSENT_REVOKED,CONSENT_REVOKED,CONSENT_REVOKED,CONSENT_REVOKED,CONSENT_REVOKED,CONSENT_REVOKED
APPROVED,Not Applicable,2026-04-06T05:23:37.882000Z,2026-04-06T05:27:19.559000Z,2026-04-06T18:55:23.672000Z,2026-04-06T05:27:19.896328Z,222.0,7752,23,Male,Asian,United States,United States,United States,English,DATA_EXPIRED,DATA_EXPIRED
APPROVED,Not Applicable,2026-04-06T05:23:15.108000Z,2026-04-06T05:27:20.672000Z,2026-04-06T18:55:23.938000Z,2026-04-06T05:27:21.015773Z,246.0,4018,52,Female,White,United States,United States,United States,English,No,Part-Time
APPROVED,Not Applicable,2026-04-06T05:23:18.839000Z,2026-04-06T05:33:15.062000Z,2026-04-06T18:55:24.187000Z,2026-04-06T05:33:15.418510Z,597.0,6194,35,Female,Mixed,United States,United States,United States,English,No,Full-Time
APPROVED,Not Applicable,2026-04-06T05:23:25.250000Z,2026-04-06T05:27:19.337000Z,2026-04-06T18:55:24.435000Z,2026-04-06T05:27:19.665616Z,235.0,2943,47,Female,Mixed,United States,United States,United States,English,No,Part-Time
APPROVED,Not Applicable,2026-04-06T05:23:32.411000Z,2026-04-06T05:40:37.405000Z,2026-04-06T18:55:24.763000Z,2026-04-06T05:40:38.119724Z,1025.0,1995,33,Female,Asian,United States,United States,United States,English,DATA_EXPIRED,DATA_EXPIRED
APPROVED,Not Applicable,2026-04-06T05:23:36.625000Z,2026-04-06T05:32:50.054000Z,2026-04-06T18:55:25.197000Z,2026-04-06T05:32:50.389311Z,554.0,8149,47,Female,White,United Kingdom,United States,United Kingdom,English,No,Full-Time
APPROVED,Not Applicable,2026-04-06T05:23:53.334000Z,2026-04-06T05:28:31.370000Z,2026-04-06T18:55:25.488000Z,2026-04-06T05:28:31.721224Z,279.0,3854,44,Male,Asian,Malaysia,United States,United States,English,No,Full-Time
APPROVED,Not Applicable,2026-04-06T05:23:50.411000Z,2026-04-06T05:28:05.007000Z,2026-04-06T18:55:25.808000Z,2026-04-06T05:28:05.334563Z,255.0,11643,39,Female,White,United States,United States,United States,English,No,Full-Time
APPROVED,Not Applicable,2026-04-06T05:23:58.970000Z,2026-04-06T05:27:57.696000Z,2026-04-06T18:55:26.133000Z,2026-04-06T05:27:58.039147Z,239.0,1176,33,Male,Mixed,United States,United States,United States,English,No,Unemployed (and job seeking)
APPROVED,Not Applicable,2026-04-06T05:24:02.514000Z,2026-04-06T05:30:05.807000Z,2026-04-06T18:55:26.462000Z,2026-04-06T05:30:06.161354Z,364.0,227,28,Male,Mixed,United States,United States,United States,English,DATA_EXPIRED,DATA_EXPIRED
APPROVED,Not Applicable,2026-04-06T05:24:22.078000Z,2026-04-06T05:29:58.774000Z,2026-04-06T18:55:26.749000Z,2026-04-06T05:29:59.114518Z,337.0,1661,31,Female,White,United States,United States,United States,English,No,Full-Time
APPROVED,Not Applicable,2026-04-06T05:25:00.775000Z,2026-04-06T05:36:10.492000Z,2026-04-06T18:55:27.066000Z,2026-04-06T05:36:10.835912Z,670.0,249,65,Male,Asian,Philippines,United States,Philippines,English,No,"Not in paid work (e.g. homemaker', 'retired or disabled)"
APPROVED,Not Applicable,2026-04-06T05:33:24.251000Z,2026-04-06T05:46:02.846000Z,2026-04-06T18:55:27.382000Z,2026-04-06T05:46:03.187226Z,759.0,8,42,DATA_EXPIRED,Black,United States,United States,United States,English,No,Full-Time
APPROVED,Not Applicable,2026-04-06T05:24:24.343000Z,2026-04-06T05:36:34.967000Z,2026-04-06T18:55:27.725000Z,2026-04-06T05:36:35.332829Z,731.0,3316,58,Female,White,United States,United States,United States,English,No,"Not in paid work (e.g. homemaker', 'retired or disabled)"
APPROVED,Not Applicable,2026-04-06T05:24:33.154000Z,2026-04-06T05:30:56.939000Z,2026-04-06T18:55:28.037000Z,2026-04-06T05:30:57.286620Z,384.0,1111,46,Male,Asian,Hong Kong,United States,Australia,English,No,"Not in paid work (e.g. homemaker', 'retired or disabled)"
APPROVED,Not Applicable,2026-04-06T05:24:38.854000Z,2026-04-06T05:32:45.343000Z,2026-04-06T18:55:28.365000Z,2026-04-06T05:32:45.677171Z,487.0,118,67,Male,Mixed,United States,United States,United States,English,No,Unemployed (and job seeking)
APPROVED,Not Applicable,2026-04-06T05:24:36.525000Z,2026-04-06T05:33:10.150000Z,2026-04-06T18:55:28.684000Z,2026-04-06T05:33:10.479825Z,514.0,2432,27,Female,Asian,United States,United States,United States,English,Yes,Part-Time
APPROVED,Not Applicable,2026-04-06T05:24:35.367000Z,2026-04-06T05:32:47.179000Z,2026-04-06T18:55:29.587000Z,2026-04-06T05:32:47.530610Z,492.0,313,22,Male,White,United States,United States,United States,English,Yes,Unemployed (and job seeking)
APPROVED,Not Applicable,2026-04-06T05:25:31.265000Z,2026-04-06T05:31:36.924000Z,2026-04-06T18:55:29.880000Z,2026-04-06T05:31:37.241965Z,366.0,6826,59,Male,White,United States,United States,United States,English,No,Full-Time
APPROVED,Not Applicable,2026-04-06T05:25:51.531000Z,2026-04-06T05:31:06.992000Z,2026-04-06T18:55:30.177000Z,2026-04-06T05:31:07.352729Z,316.0,4879,52,Female,White,United States,United States,Italy,English,No,Part-Time
APPROVED,Not Applicable,2026-04-06T05:24:59.245000Z,2026-04-06T05:29:37.713000Z,2026-04-06T18:55:30.492000Z,2026-04-06T05:29:38.059086Z,279.0,10174,55,Female,White,United States,United States,United States,English,No,Full-Time
APPROVED,Not Applicable,2026-04-06T05:25:04.507000Z,2026-04-06T05:30:04.620000Z,2026-04-06T18:55:30.784000Z,2026-04-06T05:30:04.970155Z,301.0,13,30,Male,Other,United States,United States,United States,English,No,Unemployed (and job seeking)
APPROVED,Not Applicable,2026-04-06T05:26:28.003000Z,2026-04-06T05:37:44.791000Z,2026-04-06T18:55:31.119000Z,2026-04-06T05:37:45.176734Z,677.0,20,47,Female,White,United States,United States,United States,English,Yes,Full-Time
APPROVED,Not Applicable,2026-04-06T05:25:27.328000Z,2026-04-06T05:33:29.083000Z,2026-04-06T18:55:31.446000Z,2026-04-06T05:33:29.448961Z,482.0,1723,30,Male,Black,Haiti,United States,United States,English,Yes,Unemployed (and job seeking)
APPROVED,Not Applicable,2026-04-06T05:25:33.595000Z,2026-04-06T05:34:46.102000Z,2026-04-06T18:55:31.852000Z,2026-04-06T05:34:46.468442Z,553.0,8910,49,Female,White,United States,United States,United States,English,No,Full-Time
APPROVED,Not Applicable,2026-04-06T05:28:03.660000Z,2026-04-06T05:39:14.536000Z,2026-04-06T18:55:32.160000Z,2026-04-06T05:39:14.880049Z,671.0,2421,30,Male,White,United States,United States,United States,English,No,Full-Time
APPROVED,Not Applicable,2026-04-06T05:25:41.167000Z,2026-04-06T05:36:04.608000Z,2026-04-06T18:55:32.496000Z,2026-04-06T05:36:04.954180Z,624.0,376,56,Male,White,United States,United States,United States,English,No,Full-Time
APPROVED,Not Applicable,2026-04-06T05:25:39.847000Z,2026-04-06T05:29:27.833000Z,2026-04-06T18:55:32.828000Z,2026-04-06T05:29:28.163953Z,228.0,7634,29,Female,Mixed,United States,United States,United States,English,Yes,Unemployed (and job seeking)
APPROVED,Not Applicable,2026-04-06T05:26:58.653000Z,2026-04-06T05:34:46.599000Z,2026-04-06T18:55:33.123000Z,2026-04-06T05:34:47.027589Z,468.0,403,43,Female,White,United States,United States,United States,English,No,Other
APPROVED,Not Applicable,2026-04-06T05:35:26.575000Z,2026-04-06T05:39:41.543000Z,2026-04-06T18:55:33.426000Z,2026-04-06T05:39:42.150377Z,255.0,2150,31,Male,Asian,United States,United States,United States,English,No,Full-Time
APPROVED,Not Applicable,2026-04-06T05:27:09.328000Z,2026-04-06T05:47:48.851000Z,2026-04-06T18:55:33.719000Z,2026-04-06T05:47:49.184586Z,1240.0,368,54,Female,White,United States,United States,United States,English,No,Other
APPROVED,Not Applicable,2026-04-06T05:26:08.249000Z,2026-04-06T05:30:32.193000Z,2026-04-06T18:55:34.032000Z,2026-04-06T05:30:32.557386Z,264.0,1594,46,Male,White,United States,United States,United States,English,No,Full-Time
APPROVED,Not Applicable,2026-04-06T05:26:15.849000Z,2026-04-06T05:31:14.539000Z,2026-04-06T18:55:34.324000Z,2026-04-06T05:31:14.887500Z,299.0,749,23,Female,White,United States,United States,United States,English,No,Unemployed (and job seeking)
APPROVED,Not Applicable,2026-04-06T05:26:43.022000Z,2026-04-06T05:39:16.260000Z,2026-04-06T18:55:34.625000Z,2026-04-06T05:39:16.602849Z,754.0,340,47,Female,Black,United States,United States,United States,English,No,Part-Time
RETURNED,Not Applicable,2026-04-06T05:26:31.492000Z,,,2026-04-06T08:38:36.129966Z,,474,CONSENT_REVOKED,CONSENT_REVOKED,CONSENT_REVOKED,CONSENT_REVOKED,CONSENT_REVOKED,CONSENT_REVOKED,CONSENT_REVOKED,CONSENT_REVOKED,CONSENT_REVOKED
APPROVED,Not Applicable,2026-04-06T05:26:50.702000Z,2026-04-06T05:36:52.328000Z,2026-04-06T18:55:34.942000Z,2026-04-06T05:36:52.674517Z,602.0,2101,37,Male,White,United States,United States,United States,English,No,Unemployed (and job seeking)
APPROVED,Not Applicable,2026-04-06T05:26:42.295000Z,2026-04-06T05:31:40.021000Z,2026-04-06T18:55:35.247000Z,2026-04-06T05:31:41.145995Z,298.0,67,33,Female,White,United States,United States,United States,English,No,Other
APPROVED,Not Applicable,2026-04-06T05:26:49.630000Z,2026-04-06T05:31:39.504000Z,2026-04-06T18:55:35.536000Z,2026-04-06T05:31:39.837418Z,290.0,1848,39,Female,Mixed,United States,United States,United States,English,No,Full-Time
APPROVED,Not Applicable,2026-04-06T05:26:48.360000Z,2026-04-06T05:32:48.979000Z,2026-04-06T18:55:35.839000Z,2026-04-06T05:32:49.311566Z,361.0,2923,56,Female,White,United States,United States,United States,English,No,Full-Time
APPROVED,Not Applicable,2026-04-06T05:26:51.532000Z,2026-04-06T05:34:00.601000Z,2026-04-06T18:55:36.178000Z,2026-04-06T05:34:00.989314Z,430.0,19,61,Female,White,United States,United States,United States,English,No,"Not in paid work (e.g. homemaker', 'retired or disabled)"
APPROVED,Not Applicable,2026-04-06T05:27:09.305000Z,2026-04-06T05:32:02.553000Z,2026-04-06T18:55:36.473000Z,2026-04-06T05:32:02.894768Z,294.0,0,21,Female,Other,United States,United States,DATA_EXPIRED,English,Yes,Part-Time
APPROVED,Not Applicable,2026-04-06T05:26:55.903000Z,2026-04-06T05:33:11.914000Z,2026-04-06T18:55:36.805000Z,2026-04-06T05:33:12.670882Z,377.0,7632,37,Male,Asian,United States,United States,United States,English,No,Full-Time
APPROVED,Not Applicable,2026-04-06T05:26:51.128000Z,2026-04-06T05:38:20.537000Z,2026-04-06T18:55:37.131000Z,2026-04-06T05:38:20.896592Z,690.0,9368,29,Female,Asian,United States,United States,United States,English,No,Full-Time
APPROVED,Not Applicable,2026-04-06T05:26:59.980000Z,2026-04-06T05:36:15.206000Z,2026-04-06T18:55:37.455000Z,2026-04-06T05:36:15.544277Z,556.0,10578,40,Male,White,United States,United States,United States,English,No,Full-Time
APPROVED,Not Applicable,2026-04-06T05:27:01.028000Z,2026-04-06T05:32:39.874000Z,2026-04-06T18:55:37.784000Z,2026-04-06T05:32:40.241226Z,339.0,17256,32,Male,White,United States,United States,United States,English,No,Full-Time
APPROVED,Not Applicable,2026-04-06T05:26:59.497000Z,2026-04-06T05:36:14.701000Z,2026-04-06T18:55:38.113000Z,2026-04-06T05:36:15.075291Z,556.0,80,19,Male,Other,United States,United States,United States,English,No,Due to start a new job within the next month
APPROVED,Not Applicable,2026-04-06T05:27:03.127000Z,2026-04-06T05:32:36.116000Z,2026-04-06T18:55:38.462000Z,2026-04-06T05:32:36.464808Z,333.0,5456,37,Male,White,United States,United States,United States,English,No,DATA_EXPIRED
RETURNED,Not Applicable,2026-04-06T05:27:11.182000Z,,,2026-04-06T08:38:36.133868Z,,4226,CONSENT_REVOKED,CONSENT_REVOKED,CONSENT_REVOKED,CONSENT_REVOKED,CONSENT_REVOKED,CONSENT_REVOKED,CONSENT_REVOKED,CONSENT_REVOKED,CONSENT_REVOKED
APPROVED,Not Applicable,2026-04-06T05:27:36.927000Z,2026-04-06T05:44:56.260000Z,2026-04-06T18:55:38.755000Z,2026-04-06T05:44:56.598832Z,1040.0,411,29,Female,Black,United States,United States,United States,English,No,Part-Time
APPROVED,Not Applicable,2026-04-06T05:27:14.212000Z,2026-04-06T05:31:04.595000Z,2026-04-06T18:55:39.067000Z,2026-04-06T05:31:04.940081Z,231.0,82,26,Male,White,United States,United States,United States,English,No,Full-Time
APPROVED,Not Applicable,2026-04-06T05:27:15.642000Z,2026-04-06T05:33:18.440000Z,2026-04-06T18:55:40.027000Z,2026-04-06T05:33:18.780104Z,363.0,0,30,Female,White,United States,United States,DATA_EXPIRED,English,No,Full-Time
RETURNED,Not Applicable,2026-04-06T05:27:45.419000Z,,,2026-04-06T08:38:36.138905Z,,2,CONSENT_REVOKED,CONSENT_REVOKED,CONSENT_REVOKED,CONSENT_REVOKED,CONSENT_REVOKED,CONSENT_REVOKED,CONSENT_REVOKED,CONSENT_REVOKED,CONSENT_REVOKED
TIMED-OUT,Not Applicable,2026-04-06T05:27:28.024000Z,,,2026-04-06T08:38:36.134361Z,11469.0,13291,42,Male,White,United States,United States,United States,English,No,"Not in paid work (e.g. homemaker', 'retired or disabled)"
APPROVED,Not Applicable,2026-04-06T05:27:30.261000Z,2026-04-06T05:31:57.669000Z,2026-04-06T18:55:40.354000Z,2026-04-06T05:31:57.987627Z,268.0,230,20,Female,Black,United States,United States,United States,English,Yes,Unemployed (and job seeking)
APPROVED,Not Applicable,2026-04-06T05:27:40.242000Z,2026-04-06T05:30:40.916000Z,2026-04-06T18:55:40.672000Z,2026-04-06T05:30:41.249655Z,181.0,16,25,Male,White,United States,United States,United States,English,No,Full-Time
APPROVED,Not Applicable,2026-04-06T05:36:44.962000Z,2026-04-06T06:20:18.441000Z,2026-04-06T18:55:41.066000Z,2026-04-06T06:20:19.912294Z,2614.0,12090,44,Male,Black,United States,United States,United States,English,Yes,Full-Time
APPROVED,Not Applicable,2026-04-06T05:27:52.951000Z,2026-04-06T05:39:10.604000Z,2026-04-06T18:55:41.422000Z,2026-04-06T05:39:10.945198Z,678.0,2038,56,Female,White,United States,United States,United States,English,No,"Not in paid work (e.g. homemaker', 'retired or disabled)"
APPROVED,Not Applicable,2026-04-06T05:27:53.997000Z,2026-04-06T05:44:21.078000Z,2026-04-06T18:55:41.735000Z,2026-04-06T05:44:21.440296Z,988.0,9,53,Male,White,United States,United States,United States,English,No,Other
APPROVED,Not Applicable,2026-04-06T05:27:53.203000Z,2026-04-06T05:36:25.699000Z,2026-04-06T18:55:42.106000Z,2026-04-06T05:36:26.209059Z,513.0,170,37,Male,White,United States,United States,United States,English,No,Full-Time
APPROVED,Not Applicable,2026-04-06T05:28:19.241000Z,2026-04-06T05:44:33.790000Z,2026-04-06T18:55:42.559000Z,2026-04-06T05:44:34.155184Z,975.0,313,38,Female,Black,United States,United States,United States,English,No,Unemployed (and job seeking)
APPROVED,Not Applicable,2026-04-06T05:28:14.518000Z,2026-04-06T05:34:25.379000Z,2026-04-06T18:55:42.925000Z,2026-04-06T05:34:25.720588Z,371.0,256,47,Female,Black,United States,United States,United States,English,No,Full-Time
APPROVED,Not Applicable,2026-04-06T05:28:14.219000Z,2026-04-06T05:38:14.335000Z,2026-04-06T18:55:43.253000Z,2026-04-06T05:38:14.704331Z,601.0,93,25,Male,White,United States,United States,United States,English,No,Full-Time
APPROVED,Not Applicable,2026-04-06T05:28:27.429000Z,2026-04-06T05:33:40.090000Z,2026-04-06T18:55:43.592000Z,2026-04-06T05:33:40.428402Z,313.0,72,35,Male,White,United States,United States,United States,English,No,Full-Time
APPROVED,Not Applicable,2026-04-06T05:28:30.032000Z,2026-04-06T05:36:15.363000Z,2026-04-06T18:55:43.891000Z,2026-04-06T05:36:15.702395Z,466.0,7,39,Female,Asian,Sweden,United States,United States,English,No,Full-Time
APPROVED,Not Applicable,2026-04-06T05:28:42.598000Z,2026-04-06T05:37:23.297000Z,2026-04-06T18:55:44.275000Z,2026-04-06T05:37:23.710168Z,521.0,65,41,Female,White,United States,United States,United States,English,No,Due to start a new job within the next month
APPROVED,Not Applicable,2026-04-06T05:29:09.850000Z,2026-04-06T05:35:03.509000Z,2026-04-06T18:55:44.545000Z,2026-04-06T05:35:03.858408Z,354.0,605,27,Male,White,United States,United States,United States,English,No,Full-Time
APPROVED,Not Applicable,2026-04-06T05:29:37.197000Z,2026-04-06T05:33:41.984000Z,2026-04-06T18:55:44.772000Z,2026-04-06T05:33:42.329746Z,245.0,120,33,Female,White,United States,United States,United States,English,No,Unemployed (and job seeking)
APPROVED,Not Applicable,2026-04-06T05:29:33.924000Z,2026-04-06T05:36:05.294000Z,2026-04-06T18:55:45.075000Z,2026-04-06T05:36:05.641538Z,392.0,6041,54,Male,White,United States,United States,United States,English,No,Part-Time
APPROVED,Not Applicable,2026-04-06T05:29:58.237000Z,2026-04-06T05:38:20.053000Z,2026-04-06T18:55:45.311000Z,2026-04-06T05:38:20.389064Z,502.0,256,35,Male,White,United States,United States,United States,English,No,Full-Time
APPROVED,Not Applicable,2026-04-06T05:29:35.363000Z,2026-04-06T05:37:34.580000Z,2026-04-06T18:55:45.539000Z,2026-04-06T05:37:34.922280Z,480.0,2612,27,Male,White,United States,United States,United States,English,No,Full-Time
APPROVED,Not Applicable,2026-04-06T05:29:39.671000Z,2026-04-06T05:38:57.508000Z,2026-04-06T18:55:45.779000Z,2026-04-06T05:38:57.871652Z,558.0,12902,48,Male,White,United States,United States,United States,English,No,Full-Time
APPROVED,Not Applicable,2026-04-06T05:29:42.664000Z,2026-04-06T05:36:11.403000Z,2026-04-06T18:55:46.044000Z,2026-04-06T05:36:11.752670Z,389.0,227,30,Male,Black,United States,United States,United States,English,DATA_EXPIRED,DATA_EXPIRED
APPROVED,Not Applicable,2026-04-06T05:38:53.929000Z,2026-04-06T05:48:17.254000Z,2026-04-06T18:55:46.300000Z,2026-04-06T05:48:17.588580Z,564.0,4816,51,Male,White,United States,United States,United States,English,DATA_EXPIRED,DATA_EXPIRED
APPROVED,Not Applicable,2026-04-06T05:30:16.083000Z,2026-04-06T05:35:06.080000Z,2026-04-06T18:55:46.559000Z,2026-04-06T05:35:06.730205Z,290.0,3365,42,Male,White,United States,United States,United States,English,No,DATA_EXPIRED
APPROVED,Not Applicable,2026-04-06T05:30:08.358000Z,2026-04-06T05:36:43.678000Z,2026-04-06T18:55:46.874000Z,2026-04-06T05:36:44.035101Z,396.0,1424,33,Male,White,United States,United States,United States,English,No,Full-Time
APPROVED,Not Applicable,2026-04-06T05:30:08.337000Z,2026-04-06T05:36:07.880000Z,2026-04-06T18:55:47.151000Z,2026-04-06T05:36:08.256600Z,360.0,37,30,Female,White,United States,United States,United States,English,No,Full-Time
APPROVED,Not Applicable,2026-04-06T05:30:32.328000Z,2026-04-06T05:37:23.177000Z,2026-04-06T18:55:47.393000Z,2026-04-06T05:37:23.545627Z,411.0,6091,36,Male,White,United States,United States,United States,English,No,Full-Time
APPROVED,Not Applicable,2026-04-06T05:30:39.959000Z,2026-04-06T05:39:16.260000Z,2026-04-06T18:55:47.637000Z,2026-04-06T05:39:16.624530Z,517.0,2591,40,Female,Black,United States,United States,United States,English,No,Part-Time
APPROVED,Not Applicable,2026-04-06T05:30:53.178000Z,2026-04-06T05:38:19.923000Z,2026-04-06T18:55:47.957000Z,2026-04-06T05:38:20.249805Z,447.0,9463,31,Male,Mixed,United States,United States,United States,English,DATA_EXPIRED,DATA_EXPIRED
APPROVED,Not Applicable,2026-04-06T05:30:58.700000Z,2026-04-06T05:36:50.714000Z,2026-04-06T18:55:48.247000Z,2026-04-06T05:36:51.060733Z,353.0,1935,37,Female,Asian,United States,United States,United States,English,DATA_EXPIRED,DATA_EXPIRED
APPROVED,Not Applicable,2026-04-06T05:31:17.611000Z,2026-04-06T05:36:39.696000Z,2026-04-06T18:55:48.480000Z,2026-04-06T05:36:40.028851Z,323.0,3864,27,Female,White,United States,United States,United States,English,No,"Not in paid work (e.g. homemaker', 'retired or disabled)"
APPROVED,Not Applicable,2026-04-06T05:31:34.087000Z,2026-04-06T05:36:04.015000Z,2026-04-06T18:55:48.735000Z,2026-04-06T05:36:04.379793Z,270.0,55,24,Male,Mixed,United States,United States,United States,English,Yes,Full-Time
RETURNED,Not Applicable,2026-04-06T05:31:43.599000Z,,,2026-04-06T08:38:36.147588Z,,16,CONSENT_REVOKED,CONSENT_REVOKED,CONSENT_REVOKED,CONSENT_REVOKED,CONSENT_REVOKED,CONSENT_REVOKED,CONSENT_REVOKED,CONSENT_REVOKED,CONSENT_REVOKED
APPROVED,Not Applicable,2026-04-06T05:31:59.400000Z,2026-04-06T05:38:55.328000Z,2026-04-06T18:55:48.998000Z,2026-04-06T05:38:55.680576Z,416.0,58,28,Male,Mixed,United States,United States,United States,English,No,Part-Time
APPROVED,Not Applicable,2026-04-06T05:32:04.676000Z,2026-04-06T05:35:52.027000Z,2026-04-06T18:55:49.251000Z,2026-04-06T05:35:52.378740Z,228.0,8224,28,Male,Asian,United States,United States,United States,English,No,Full-Time
APPROVED,Not Applicable,2026-04-06T05:32:35.549000Z,2026-04-06T05:40:30.108000Z,2026-04-06T18:55:49.576000Z,2026-04-06T05:40:30.461636Z,475.0,399,37,Male,Mixed,United States,United States,DATA_EXPIRED,English,No,Full-Time
RETURNED,Not Applicable,2026-04-06T05:32:20.590000Z,,,2026-04-06T08:38:36.145914Z,,73,CONSENT_REVOKED,CONSENT_REVOKED,CONSENT_REVOKED,CONSENT_REVOKED,CONSENT_REVOKED,CONSENT_REVOKED,CONSENT_REVOKED,CONSENT_REVOKED,CONSENT_REVOKED
APPROVED,Not Applicable,2026-04-06T05:32:49.969000Z,2026-04-06T05:40:32.701000Z,2026-04-06T18:54:10.036000Z,2026-04-06T05:40:33.048989Z,463.0,4331,50,Male,Asian,Philippines,United States,United States,English,No,Full-Time
APPROVED,Not Applicable,2026-04-06T05:33:25.335000Z,2026-04-06T05:41:20.954000Z,2026-04-06T18:54:10.311000Z,2026-04-06T05:41:21.372227Z,476.0,100,39,Male,White,United States,United States,United States,English,No,"Not in paid work (e.g. homemaker', 'retired or disabled)"
APPROVED,Not Applicable,2026-04-06T05:34:04.280000Z,2026-04-06T05:46:46.691000Z,2026-04-06T18:54:10.633000Z,2026-04-06T05:46:47.035824Z,763.0,357,37,Male,Asian,Sri Lanka,United States,Sri Lanka,English,No,Unemployed (and job seeking)
APPROVED,Not Applicable,2026-04-06T05:33:42.533000Z,2026-04-06T05:42:47.070000Z,2026-04-06T18:54:10.958000Z,2026-04-06T05:42:47.414522Z,545.0,2538,30,Female,Asian,United States,United States,United States,English,No,Other
APPROVED,Not Applicable,2026-04-06T05:34:27.283000Z,2026-04-06T05:40:34.376000Z,2026-04-06T18:54:11.255000Z,2026-04-06T05:40:34.713260Z,368.0,6633,58,Male,White,United States,United States,United States,English,No,Full-Time
APPROVED,Not Applicable,2026-04-06T05:33:47.986000Z,2026-04-06T05:37:34.988000Z,2026-04-06T18:54:11.535000Z,2026-04-06T05:37:35.353927Z,228.0,3843,24,Male,White,United States,United States,United States,English,Yes,Part-Time
APPROVED,Not Applicable,2026-04-06T05:34:39.012000Z,2026-04-06T05:46:42.338000Z,2026-04-06T18:54:11.806000Z,2026-04-06T05:46:42.681540Z,724.0,231,67,Female,White,United States,United States,United States,English,No,"Not in paid work (e.g. homemaker', 'retired or disabled)"
APPROVED,Not Applicable,2026-04-06T05:35:12.702000Z,2026-04-06T05:42:18.903000Z,2026-04-06T18:54:12.110000Z,2026-04-06T05:42:19.252776Z,427.0,772,28,Male,Mixed,United States,United States,United States,English,Yes,Full-Time
APPROVED,Not Applicable,2026-04-06T05:34:21.004000Z,2026-04-06T05:49:07.777000Z,2026-04-06T18:54:12.358000Z,2026-04-06T05:49:08.124694Z,887.0,111,27,Female,White,United States,United States,United States,English,DATA_EXPIRED,DATA_EXPIRED
RETURNED,Not Applicable,2026-04-06T05:35:09.150000Z,,,2026-04-06T08:38:36.138493Z,,121,CONSENT_REVOKED,CONSENT_REVOKED,CONSENT_REVOKED,CONSENT_REVOKED,CONSENT_REVOKED,CONSENT_REVOKED,CONSENT_REVOKED,CONSENT_REVOKED,CONSENT_REVOKED
APPROVED,Not Applicable,2026-04-06T05:35:38.155000Z,2026-04-06T05:48:57.956000Z,2026-04-06T18:54:12.637000Z,2026-04-06T05:48:58.383816Z,800.0,194,32,Female,Black,United States,United States,United States,English,No,Unemployed (and job seeking)
APPROVED,Not Applicable,2026-04-06T05:35:47.890000Z,2026-04-06T05:41:42.683000Z,2026-04-06T18:54:13.033000Z,2026-04-06T05:41:43.087634Z,355.0,13,32,Female,White,United States,United States,United States,English,No,Part-Time
APPROVED,Not Applicable,2026-04-06T05:37:03.339000Z,2026-04-06T05:45:07.715000Z,2026-04-06T18:54:13.314000Z,2026-04-06T05:45:08.359089Z,485.0,5899,43,Male,White,United States,United States,United States,English,No,Full-Time
APPROVED,Not Applicable,2026-04-06T05:36:39.002000Z,2026-04-06T05:48:49.019000Z,2026-04-06T18:54:13.558000Z,2026-04-06T05:48:49.445384Z,731.0,138,21,Male,White,United States,United States,United States,English,Yes,Unemployed (and job seeking)
APPROVED,Not Applicable,2026-04-06T05:36:42.281000Z,2026-04-06T05:41:49.508000Z,2026-04-06T18:54:13.879000Z,2026-04-06T05:41:49.846946Z,308.0,5765,46,Female,White,United States,United States,United States,English,No,Full-Time
APPROVED,Not Applicable,2026-04-06T05:36:51.733000Z,2026-04-06T05:43:37.833000Z,2026-04-06T18:54:14.140000Z,2026-04-06T05:43:38.165002Z,407.0,148,35,Male,Asian,United States,United States,United States,English,Yes,Unemployed (and job seeking)
APPROVED,Not Applicable,2026-04-06T05:37:12.498000Z,2026-04-06T05:43:54.675000Z,2026-04-06T18:54:14.373000Z,2026-04-06T05:43:55.005233Z,403.0,552,24,Female,Black,United States,United States,United States,English,No,Unemployed (and job seeking)
RETURNED,Not Applicable,2026-04-06T05:37:22.543000Z,,,2026-04-06T08:38:36.142371Z,,3408,CONSENT_REVOKED,CONSENT_REVOKED,CONSENT_REVOKED,CONSENT_REVOKED,CONSENT_REVOKED,CONSENT_REVOKED,CONSENT_REVOKED,CONSENT_REVOKED,CONSENT_REVOKED
APPROVED,Not Applicable,2026-04-06T05:37:46.872000Z,2026-04-06T05:49:04.313000Z,2026-04-06T18:54:14.637000Z,2026-04-06T05:49:04.731049Z,678.0,3222,45,Female,White,United States,United States,United States,English,DATA_EXPIRED,Full-Time
APPROVED,Not Applicable,2026-04-06T05:37:44.335000Z,2026-04-06T05:48:46.835000Z,2026-04-06T18:54:14.889000Z,2026-04-06T05:48:48.095284Z,663.0,13,25,Female,Mixed,United States,United States,United States,English,No,"Not in paid work (e.g. homemaker', 'retired or disabled)"
APPROVED,Not Applicable,2026-04-06T05:38:04.725000Z,2026-04-06T05:46:38.634000Z,2026-04-06T18:54:15.126000Z,2026-04-06T05:46:38.986404Z,514.0,2634,25,Male,Black,United States,United States,United States,English,No,Full-Time
APPROVED,Not Applicable,2026-04-06T05:38:06.604000Z,2026-04-06T05:43:26.805000Z,2026-04-06T18:54:16.604000Z,2026-04-06T05:43:27.135027Z,321.0,125,23,Male,Asian,United States,United States,United States,English,No,Full-Time
APPROVED,Not Applicable,2026-04-06T05:38:37.291000Z,2026-04-06T05:47:40.085000Z,2026-04-06T18:54:16.901000Z,2026-04-06T05:47:40.419099Z,543.0,4210,55,Male,Asian,China,United States,United States,English,DATA_EXPIRED,DATA_EXPIRED
APPROVED,Not Applicable,2026-04-06T05:38:57.003000Z,2026-04-06T05:48:21.341000Z,2026-04-06T18:54:17.246000Z,2026-04-06T05:48:21.720835Z,565.0,25,30,Female,White,United States,United States,United States,English,No,Unemployed (and job seeking)
APPROVED,Not Applicable,2026-04-06T05:39:40.384000Z,2026-04-06T05:48:17.513000Z,2026-04-06T18:54:17.602000Z,2026-04-06T05:48:17.857093Z,518.0,10,43,Male,White,United States,United States,United States,English,No,Other
TIMED-OUT,Not Applicable,2026-04-06T05:39:42.767000Z,,,2026-04-06T08:38:36.152939Z,10734.0,14,41,Male,Black,United States,United States,United States,English,No,Full-Time
APPROVED,Not Applicable,2026-04-06T05:39:44.879000Z,2026-04-06T05:45:28.956000Z,2026-04-06T18:54:17.873000Z,2026-04-06T05:45:29.317684Z,345.0,68,21,Prefer not to say,Prefer not to say,United States,United States,United States,English,Yes,"Not in paid work (e.g. homemaker', 'retired or disabled)"
APPROVED,Not Applicable,2026-04-06T05:40:15.137000Z,2026-04-06T05:45:10.474000Z,2026-04-06T18:54:18.146000Z,2026-04-06T05:45:10.874636Z,296.0,1496,34,Female,Other,United States,United States,United States,English,No,Due to start a new job within the next month
APPROVED,Not Applicable,2026-04-06T05:40:34.568000Z,2026-04-06T05:55:13.310000Z,2026-04-06T18:54:18.412000Z,2026-04-06T05:55:13.683913Z,879.0,6616,51,Male,Asian,Vietnam,United States,United States,English,DATA_EXPIRED,DATA_EXPIRED
APPROVED,Not Applicable,2026-04-06T05:42:05.232000Z,2026-04-06T05:48:47.073000Z,2026-04-06T18:54:18.692000Z,2026-04-06T05:48:47.467654Z,402.0,3979,37,Female,White,United States,United States,United States,English,No,Full-Time
TIMED-OUT,Not Applicable,2026-04-06T05:44:27.311000Z,,,2026-04-06T08:38:36.152851Z,10449.0,931,33,Male,Other,United States,United States,United States,English,DATA_EXPIRED,DATA_EXPIRED
APPROVED,Not Applicable,2026-04-06T05:43:38.643000Z,2026-04-06T05:47:11.951000Z,2026-04-06T18:54:18.962000Z,2026-04-06T05:47:12.290819Z,214.0,360,26,Female,Asian,United States,United States,United States,English,No,Full-Time
APPROVED,Not Applicable,2026-04-06T05:44:19.491000Z,2026-04-06T05:48:59.353000Z,2026-04-06T18:54:19.221000Z,2026-04-06T05:48:59.740615Z,280.0,215,47,Male,White,United States,United States,United States,English,No,Unemployed (and job seeking)
APPROVED,Not Applicable,2026-04-06T05:44:25.076000Z,2026-04-06T05:49:45.212000Z,2026-04-06T18:54:19.509000Z,2026-04-06T05:49:45.655092Z,321.0,36,42,Female,Asian,Malaysia,United States,United States,English,Yes,Full-Time
APPROVED,Not Applicable,2026-04-06T05:45:16.003000Z,2026-04-06T05:52:08.326000Z,2026-04-06T18:54:19.776000Z,2026-04-06T05:52:08.668042Z,413.0,16355,65,Male,White,United States,United States,United States,English,No,Full-Time
APPROVED,Not Applicable,2026-04-06T05:45:14.765000Z,2026-04-06T05:50:34.950000Z,2026-04-06T18:54:20.065000Z,2026-04-06T05:50:35.383744Z,321.0,1920,32,Female,White,United States,United States,United States,English,DATA_EXPIRED,DATA_EXPIRED
APPROVED,Not Applicable,2026-04-06T05:45:24.130000Z,2026-04-06T05:50:23.517000Z,2026-04-06T18:54:20.392000Z,2026-04-06T05:50:23.878996Z,300.0,1954,61,Female,White,United States,United States,United States,English,No,Part-Time
APPROVED,Not Applicable,2026-04-06T05:45:26.303000Z,2026-04-06T05:59:34.051000Z,2026-04-06T18:54:20.747000Z,2026-04-06T05:59:34.385616Z,848.0,128,32,Female,Other,United States,United States,United States,English,No,"Not in paid work (e.g. homemaker', 'retired or disabled)"
APPROVED,Not Applicable,2026-04-06T05:46:04.182000Z,2026-04-06T05:54:31.752000Z,2026-04-06T18:54:21.123000Z,2026-04-06T05:54:32.112645Z,508.0,232,50,Male,Black,United States,United States,United States,English,No,Full-Time
APPROVED,Not Applicable,2026-04-06T05:46:16.269000Z,2026-04-06T05:49:52.776000Z,2026-04-06T18:54:21.538000Z,2026-04-06T05:49:53.116095Z,217.0,256,29,Male,Asian,United States,United States,United States,English,No,Full-Time
APPROVED,Not Applicable,2026-04-06T05:46:52.988000Z,2026-04-06T05:51:16.781000Z,2026-04-06T18:54:21.947000Z,2026-04-06T05:51:17.132739Z,264.0,3022,45,Male,White,United States,United States,United States,English,Yes,Full-Time
APPROVED,Not Applicable,2026-04-06T05:47:25.376000Z,2026-04-06T05:54:13.310000Z,2026-04-06T18:54:22.322000Z,2026-04-06T05:54:13.741441Z,408.0,298,29,Male,Mixed,United States,United States,United States,English,No,Unemployed (and job seeking)
APPROVED,Not Applicable,2026-04-06T05:48:01.947000Z,2026-04-06T05:51:44.112000Z,2026-04-06T18:54:22.669000Z,2026-04-06T05:51:44.479159Z,223.0,8131,44,Prefer not to say,White,United States,United States,United States,English,Yes,"Not in paid work (e.g. homemaker', 'retired or disabled)"
APPROVED,Not Applicable,2026-04-06T05:49:05.740000Z,2026-04-06T06:02:04.162000Z,2026-04-06T18:54:23.120000Z,2026-04-06T06:02:04.500784Z,779.0,68,31,Male,White,United States,United States,United States,English,Yes,Full-Time
APPROVED,Not Applicable,2026-04-06T05:49:00.107000Z,2026-04-06T05:53:17.102000Z,2026-04-06T18:54:23.472000Z,2026-04-06T05:53:17.455357Z,257.0,159,25,Male,White,United States,United States,United States,English,No,Other
APPROVED,Not Applicable,2026-04-06T05:49:04.059000Z,2026-04-06T05:55:40.329000Z,2026-04-06T18:54:23.885000Z,2026-04-06T05:55:40.682779Z,397.0,1186,63,Male,Asian,United States,United States,United States,English,DATA_EXPIRED,DATA_EXPIRED
APPROVED,Not Applicable,2026-04-06T05:51:12.602000Z,2026-04-06T05:58:12.740000Z,2026-04-06T18:54:24.186000Z,2026-04-06T05:58:13.096624Z,421.0,1265,63,Male,White,United States,United States,United States,English,DATA_EXPIRED,DATA_EXPIRED
APPROVED,Not Applicable,2026-04-06T05:52:46.628000Z,2026-04-06T06:06:27.529000Z,2026-04-06T18:54:25.157000Z,2026-04-06T06:06:27.895658Z,821.0,10,36,Female,Black,Kenya,United States,United States,English,No,Part-Time
APPROVED,Not Applicable,2026-04-06T05:52:18.458000Z,2026-04-06T05:56:10.005000Z,2026-04-06T18:54:25.408000Z,2026-04-06T05:56:10.397638Z,232.0,12,20,Male,White,United States,United States,United States,English,Yes,Part-Time
APPROVED,Not Applicable,2026-04-06T05:52:46.653000Z,2026-04-06T05:56:39.932000Z,2026-04-06T18:54:25.665000Z,2026-04-06T05:56:40.278707Z,234.0,2108,26,Male,White,United States,United States,United States,English,Yes,Full-Time
APPROVED,Not Applicable,2026-04-06T05:53:22.697000Z,2026-04-06T05:58:46.372000Z,2026-04-06T18:54:25.946000Z,2026-04-06T05:58:46.709294Z,324.0,1555,43,Female,White,United States,United States,United States,English,No,Full-Time
APPROVED,Not Applicable,2026-04-06T05:53:41.667000Z,2026-04-06T06:01:27.367000Z,2026-04-06T18:54:26.198000Z,2026-04-06T06:01:27.731683Z,466.0,1523,25,Female,Asian,United States,United States,United States,English,No,Unemployed (and job seeking)
APPROVED,Not Applicable,2026-04-06T05:54:04.110000Z,2026-04-06T05:58:45.937000Z,2026-04-06T18:54:26.457000Z,2026-04-06T05:58:46.294734Z,282.0,753,36,Female,Black,United States,United States,United States,English,DATA_EXPIRED,DATA_EXPIRED
APPROVED,Not Applicable,2026-04-06T05:54:25.905000Z,2026-04-06T06:21:09.266000Z,2026-04-06T18:54:26.785000Z,2026-04-06T06:21:09.643643Z,1604.0,8,23,Male,Black,United States,United States,United States,English,No,Part-Time
APPROVED,Not Applicable,2026-04-06T05:56:13.718000Z,2026-04-06T06:01:44.490000Z,2026-04-06T18:54:27.161000Z,2026-04-06T06:01:44.824345Z,331.0,3635,59,Male,White,United States,United States,United States,English,DATA_EXPIRED,DATA_EXPIRED
APPROVED,Not Applicable,2026-04-06T05:57:00.703000Z,2026-04-06T06:02:38.038000Z,2026-04-06T18:54:27.456000Z,2026-04-06T06:02:38.395177Z,338.0,6,38,Female,White,New Zealand,United States,New Zealand,English,No,Full-Time
APPROVED,Not Applicable,2026-04-06T05:57:37.951000Z,2026-04-06T06:11:23.046000Z,2026-04-06T18:54:27.753000Z,2026-04-06T06:11:23.430096Z,826.0,1209,34,Male,Black,United States,United States,United States,English,No,Part-Time
APPROVED,Not Applicable,2026-04-06T05:57:47.833000Z,2026-04-06T06:06:05.479000Z,2026-04-06T18:54:28.142000Z,2026-04-06T06:06:05.828021Z,498.0,315,44,Male,White,United States,United States,United States,English,No,Full-Time
APPROVED,Not Applicable,2026-04-06T06:01:22.278000Z,2026-04-06T06:22:26.458000Z,2026-04-06T18:54:28.432000Z,2026-04-06T06:22:26.815287Z,1265.0,109,22,Male,White,Mexico,United States,Mexico,English,Yes,Full-Time
APPROVED,Not Applicable,2026-04-06T06:00:53.621000Z,2026-04-06T06:06:04.269000Z,2026-04-06T18:54:28.723000Z,2026-04-06T06:06:04.645858Z,311.0,40,22,Male,Mixed,United States,United States,United States,English,No,Unemployed (and job seeking)
APPROVED,Not Applicable,2026-04-06T06:01:17.666000Z,2026-04-06T06:23:51.552000Z,2026-04-06T18:54:29.040000Z,2026-04-06T06:23:51.986088Z,1354.0,117,60,Female,White,United States,United States,United States,English,No,Unemployed (and job seeking)
APPROVED,Not Applicable,2026-04-06T06:01:44.500000Z,2026-04-06T06:06:19.013000Z,2026-04-06T18:54:29.343000Z,2026-04-06T06:06:19.380682Z,275.0,9425,60,Female,White,United States,United States,United States,English,No,Unemployed (and job seeking)
RETURNED,Not Applicable,2026-04-06T06:13:00.022000Z,,,2026-04-06T08:38:36.157986Z,,3947,CONSENT_REVOKED,CONSENT_REVOKED,CONSENT_REVOKED,CONSENT_REVOKED,CONSENT_REVOKED,CONSENT_REVOKED,CONSENT_REVOKED,CONSENT_REVOKED,CONSENT_REVOKED
APPROVED,Not Applicable,2026-04-06T06:02:19.359000Z,2026-04-06T06:10:13.124000Z,2026-04-06T18:54:29.648000Z,2026-04-06T06:10:13.458432Z,474.0,3791,28,Female,Black,United States,United States,United States,English,No,Part-Time
APPROVED,Not Applicable,2026-04-06T06:03:24.270000Z,2026-04-06T06:10:12.722000Z,2026-04-06T18:54:29.913000Z,2026-04-06T06:10:13.083991Z,409.0,5076,48,Female,White,United States,United States,United States,English,DATA_EXPIRED,DATA_EXPIRED
RETURNED,Not Applicable,2026-04-06T06:04:59.840000Z,,,2026-04-06T08:38:36.156473Z,,301,CONSENT_REVOKED,CONSENT_REVOKED,CONSENT_REVOKED,CONSENT_REVOKED,CONSENT_REVOKED,CONSENT_REVOKED,CONSENT_REVOKED,CONSENT_REVOKED,CONSENT_REVOKED
APPROVED,Not Applicable,2026-04-06T06:07:56.304000Z,2026-04-06T06:17:33.403000Z,2026-04-06T18:54:30.188000Z,2026-04-06T06:17:33.762597Z,578.0,74,25,Female,Mixed,United States,United States,United States,English,No,Full-Time
APPROVED,Not Applicable,2026-04-06T06:10:48.875000Z,2026-04-06T06:15:22.676000Z,2026-04-06T18:54:30.527000Z,2026-04-06T06:15:23.015055Z,274.0,2428,67,Male,White,United Kingdom,United States,United Kingdom,English,No,Unemployed (and job seeking)
APPROVED,Not Applicable,2026-04-06T06:16:40.042000Z,2026-04-06T06:23:25.506000Z,2026-04-06T18:54:30.798000Z,2026-04-06T06:23:25.836842Z,406.0,4,28,Male,White,United States,United States,United States,English,No,Part-Time
APPROVED,Not Applicable,2026-04-06T06:12:58.771000Z,2026-04-06T06:19:34.319000Z,2026-04-06T18:54:31.093000Z,2026-04-06T06:19:34.659720Z,396.0,375,31,Male,White,United States,United States,United States,English,No,Full-Time
APPROVED,Not Applicable,2026-04-06T06:13:20.378000Z,2026-04-06T06:23:18.877000Z,2026-04-06T18:54:31.396000Z,2026-04-06T06:23:19.228956Z,599.0,7548,34,Female,White,United States,United States,United States,English,DATA_EXPIRED,DATA_EXPIRED
APPROVED,Not Applicable,2026-04-06T06:14:27.143000Z,2026-04-06T06:23:58.675000Z,2026-04-06T18:54:31.671000Z,2026-04-06T06:23:59.024922Z,572.0,287,34,Female,White,United States,United States,United States,English,No,Full-Time
APPROVED,Not Applicable,2026-04-06T06:14:07.824000Z,2026-04-06T06:20:13.649000Z,2026-04-06T18:54:31.973000Z,2026-04-06T06:20:13.983748Z,366.0,919,29,Female,White,United States,United States,United States,English,Yes,Full-Time
APPROVED,Not Applicable,2026-04-06T06:14:21.046000Z,2026-04-06T06:18:22.247000Z,2026-04-06T18:54:32.218000Z,2026-04-06T06:18:22.626956Z,242.0,6,20,Female,White,United States,United States,United States,English,Yes,Unemployed (and job seeking)
APPROVED,Not Applicable,2026-04-06T06:14:54.128000Z,2026-04-06T06:29:40.534000Z,2026-04-06T18:54:32.725000Z,2026-04-06T06:29:40.913831Z,887.0,35,40,Male,Black,Kenya,United States,United States,English,No,Part-Time
APPROVED,Not Applicable,2026-04-06T06:15:14.707000Z,2026-04-06T06:28:04.223000Z,2026-04-06T18:54:33.196000Z,2026-04-06T06:28:04.578065Z,770.0,1118,62,Male,Asian,United States,United States,United States,English,DATA_EXPIRED,DATA_EXPIRED
APPROVED,Not Applicable,2026-04-06T06:15:24.239000Z,2026-04-06T06:19:07.900000Z,2026-04-06T18:54:33.552000Z,2026-04-06T06:19:08.252569Z,224.0,1070,28,Female,White,United States,United States,United States,English,No,Part-Time
APPROVED,Not Applicable,2026-04-06T06:17:49.546000Z,2026-04-06T06:33:19.862000Z,2026-04-06T18:54:33.902000Z,2026-04-06T06:33:20.204829Z,931.0,2067,27,Female,White,United States,United States,United States,English,DATA_EXPIRED,Full-Time
APPROVED,Not Applicable,2026-04-06T06:22:05.997000Z,2026-04-06T06:28:20.323000Z,2026-04-06T18:54:34.268000Z,2026-04-06T06:28:20.648083Z,375.0,326,45,Male,Black,United States,United States,United States,English,No,Part-Time
APPROVED,Not Applicable,2026-04-06T06:21:26.906000Z,2026-04-06T06:35:45.126000Z,2026-04-06T18:54:34.683000Z,2026-04-06T06:35:45.919043Z,859.0,4269,43,Female,White,United States,United States,United States,English,No,Full-Time
APPROVED,Not Applicable,2026-04-06T06:22:33.062000Z,2026-04-06T06:29:47.475000Z,2026-04-06T18:54:36.181000Z,2026-04-06T06:29:47.805393Z,435.0,4,31,Male,Black,Kenya,United States,United States,English,Yes,Part-Time
APPROVED,Not Applicable,2026-04-06T06:22:01.448000Z,2026-04-06T06:48:03.938000Z,2026-04-06T18:54:36.540000Z,2026-04-06T06:48:04.324467Z,1563.0,13967,36,Male,White,United States,United States,United States,English,No,Unemployed (and job seeking)
APPROVED,Not Applicable,2026-04-06T06:22:16.090000Z,2026-04-06T06:30:27.966000Z,2026-04-06T18:54:36.897000Z,2026-04-06T06:30:28.331560Z,492.0,8,36,Male,White,United States,United States,United States,English,No,Unemployed (and job seeking)
APPROVED,Not Applicable,2026-04-06T06:22:37.069000Z,2026-04-06T06:35:14.369000Z,2026-04-06T18:54:37.258000Z,2026-04-06T06:35:14.703523Z,758.0,0,19,Female,White,United States,United States,United States,English,No,Unemployed (and job seeking)
APPROVED,Not Applicable,2026-04-06T06:23:36.668000Z,2026-04-06T06:30:57.280000Z,2026-04-06T18:54:37.495000Z,2026-04-06T06:30:57.642474Z,441.0,980,49,Male,Asian,United States,United States,United States,English,No,Other
APPROVED,Not Applicable,2026-04-06T06:27:04.019000Z,2026-04-06T06:37:45.544000Z,2026-04-06T18:54:37.749000Z,2026-04-06T06:37:45.935840Z,642.0,13,58,Female,Black,United States,United States,United States,English,No,Full-Time
APPROVED,Not Applicable,2026-04-06T06:27:51.985000Z,2026-04-06T06:47:21.282000Z,2026-04-06T18:54:37.993000Z,2026-04-06T06:47:21.617877Z,1170.0,5752,35,Female,White,United States,United States,United States,English,DATA_EXPIRED,Full-Time
APPROVED,Not Applicable,2026-04-06T06:28:12.364000Z,2026-04-06T06:34:11.716000Z,2026-04-06T18:54:38.276000Z,2026-04-06T06:34:12.061206Z,360.0,2,37,Male,Mixed,Japan,United States,United States,English,No,Unemployed (and job seeking)
APPROVED,Not Applicable,2026-04-06T06:35:50.138000Z,2026-04-06T06:48:59.588000Z,2026-04-06T18:54:38.505000Z,2026-04-06T06:48:59.912401Z,790.0,406,40,Male,Black,United States,United States,United States,English,No,Full-Time
APPROVED,Not Applicable,2026-04-06T06:38:17.187000Z,2026-04-06T06:41:37.080000Z,2026-04-06T18:54:38.757000Z,2026-04-06T06:41:37.433508Z,200.0,2382,31,Male,White,United States,United States,United States,English,No,Full-Time
APPROVED,Not Applicable,2026-04-06T06:46:29.199000Z,2026-04-06T07:29:11.435000Z,2026-04-06T18:54:38.989000Z,2026-04-06T07:29:11.790645Z,2563.0,9031,45,Male,Mixed,United States,United States,United States,English,Yes,Full-Time
APPROVED,Not Applicable,2026-04-06T06:48:30.889000Z,2026-04-06T06:55:49.508000Z,2026-04-06T18:54:39.286000Z,2026-04-06T06:55:50.064569Z,439.0,311,36,Male,Black,United States,United States,United States,English,No,Full-Time
APPROVED,Not Applicable,2026-04-06T06:49:05.805000Z,2026-04-06T07:08:22.877000Z,2026-04-06T18:54:39.615000Z,2026-04-06T07:08:23.258483Z,1158.0,7,33,Female,White,United States,United States,United States,English,No,Unemployed (and job seeking)
APPROVED,Not Applicable,2026-04-06T06:49:04.084000Z,2026-04-06T06:54:03.386000Z,2026-04-06T18:54:39.955000Z,2026-04-06T06:54:03.747609Z,300.0,528,18,Male,Black,Nigeria,United States,Nigeria,English,Yes,Unemployed (and job seeking)
APPROVED,Not Applicable,2026-04-06T06:57:08.612000Z,2026-04-06T07:05:23.330000Z,2026-04-06T18:54:40.212000Z,2026-04-06T07:05:23.653529Z,495.0,360,53,Female,White,United States,United States,United States,English,No,Part-Time
APPROVED,Not Applicable,2026-04-06T06:57:09.639000Z,2026-04-06T07:03:27.758000Z,2026-04-06T18:54:40.538000Z,2026-04-06T07:03:28.133247Z,379.0,1680,23,Female,Other,United States,United States,United States,English,Yes,DATA_EXPIRED
APPROVED,Not Applicable,2026-04-06T07:00:41.185000Z,2026-04-06T07:31:46.448000Z,2026-04-06T18:54:40.805000Z,2026-04-06T07:31:46.804270Z,1866.0,3570,25,Male,Mixed,United States,United States,United States,English,Yes,Full-Time
APPROVED,Not Applicable,2026-04-06T07:01:00.906000Z,2026-04-06T07:08:24.665000Z,2026-04-06T18:54:41.036000Z,2026-04-06T07:08:25.097300Z,444.0,37,31,Male,Mixed,United States,United States,United States,English,No,Full-Time
APPROVED,Not Applicable,2026-04-06T07:04:07.650000Z,2026-04-06T07:11:16.700000Z,2026-04-06T18:54:41.306000Z,2026-04-06T07:11:17.035590Z,430.0,439,31,Male,White,United States,United States,United States,English,DATA_EXPIRED,DATA_EXPIRED
APPROVED,Not Applicable,2026-04-06T07:10:53.411000Z,2026-04-06T07:15:49.284000Z,2026-04-06T18:54:41.533000Z,2026-04-06T07:15:49.640489Z,296.0,2420,57,Female,White,United States,United States,United States,English,No,Part-Time
APPROVED,Not Applicable,2026-04-06T07:11:10.931000Z,2026-04-06T07:15:48.522000Z,2026-04-06T18:54:41.920000Z,2026-04-06T07:15:48.869882Z,278.0,274,27,Female,Mixed,United States,United States,United States,English,No,Unemployed (and job seeking)
APPROVED,Not Applicable,2026-04-06T07:25:36.990000Z,2026-04-06T07:31:30.638000Z,2026-04-06T18:54:42.289000Z,2026-04-06T07:31:30.974438Z,354.0,163,31,Male,Mixed,United States,United States,United States,English,No,Other
APPROVED,Not Applicable,2026-04-06T07:29:06.149000Z,2026-04-06T07:47:04.514000Z,2026-04-06T18:54:42.547000Z,2026-04-06T07:47:04.846652Z,1079.0,4800,44,Female,White,United States,United States,United States,English,No,Part-Time
APPROVED,Not Applicable,2026-04-06T07:37:31.406000Z,2026-04-06T07:42:56.283000Z,2026-04-06T18:54:42.774000Z,2026-04-06T07:42:56.642453Z,325.0,145,40,Male,Black,United States,United States,United States,English,No,Other
APPROVED,Not Applicable,2026-04-06T07:41:31.795000Z,2026-04-06T07:46:50.692000Z,2026-04-06T18:54:43.028000Z,2026-04-06T07:46:51.043101Z,319.0,1588,39,Female,White,United States,United States,United States,English,No,Full-Time
APPROVED,Not Applicable,2026-04-06T09:01:36.815000Z,2026-04-06T09:14:40.624000Z,2026-04-06T18:54:43.266000Z,2026-04-06T09:14:41.154052Z,784.0,4866,38,Female,White,United States,United States,United States,English,Yes,Full-Time
